protein_name,weight_pathogenic,mean_pathogenic,mean_benign,std_dev_pathogenic,std_dev_benign
main,0.39325898640291035,9.836480385297035,1.429061307683015,8.199378833645659,6.0557580899589984
OLF,0.39177633731662087,9.754452337080746,1.5023927205124827,8.27366729467566,6.0835411084325095
