protein_name,weight_pathogenic,mean_pathogenic,mean_benign,std_dev_pathogenic,std_dev_benign
main,0.6419915802009888,6.04930017932963,2.5855096404422677,1.4725903306863672,2.1448883658615796
OLF,0.6391788777440092,6.047990090326521,2.614831630551373,1.4750030267816223,2.1628062501690755
