protein_name,weight_pathogenic,mean_pathogenic,mean_benign,std_dev_pathogenic,std_dev_benign
main,0.6291663986373329,6.649012385365782,3.3206256842871085,1.5484883539691974,2.2527370620612217
OLF,0.6277421730504924,6.642448178395632,3.3444290872215023,1.5532920594136475,2.2704375629361806
