protein_name,weight_pathogenic,mean_pathogenic,mean_benign,std_dev_pathogenic,std_dev_benign
main,0.6378020111720397,6.1209357754583715,2.5990762186499228,1.4701031694539552,2.179734131416539
OLF,0.635238710620865,6.119772723146929,2.6258509907493797,1.4722243741337209,2.1961060314958707
