protein_name,weight_pathogenic,mean_pathogenic,mean_benign,std_dev_pathogenic,std_dev_benign
main,0.6374467216023768,6.130410886808938,2.6297556408463247,1.4657340621880086,2.179583290829447
OLF,0.6346598963229114,6.129605513454647,2.6578578190641995,1.4676417066645626,2.196245776973362
