protein_name,weight_pathogenic,mean_pathogenic,mean_benign,std_dev_pathogenic,std_dev_benign
main,0.42294993290145483,2.5077837742144866,-4.94671262691699,7.877899161287432,6.247767792222462
OLF,0.4213829218725338,2.415784397796487,-4.859525010048934,7.951585722055939,6.275597831016136
