protein_name,weight_pathogenic,mean_pathogenic,mean_benign,std_dev_pathogenic,std_dev_benign
main,0.6346055654579829,5.657792705418853,2.050100333030982,1.5438868174797522,2.261064197756752
OLF,0.6316209372417653,5.656710454716533,2.081185684536159,1.5461587836556412,2.279503788872544
