protein_name,weight_pathogenic,mean_pathogenic,mean_benign,std_dev_pathogenic,std_dev_benign
main,0.4330595276594336,11.713164880818614,3.9606477984376385,7.776327405712025,6.450073126980689
OLF,0.43175697577871724,11.614968099208944,4.0530294008987955,7.852958018067299,6.481931314545714
