protein_name,weight_pathogenic,mean_pathogenic,mean_benign,std_dev_pathogenic,std_dev_benign
main,0.4300827093927314,14.54545183058001,7.481478883099914,8.05224963494988,6.444086032560013
OLF,0.42830682617978205,14.447939400344275,7.576477446959929,8.13218547880125,6.465323031353178
