protein_name,weight_pathogenic,mean_pathogenic,mean_benign,std_dev_pathogenic,std_dev_benign
main,0.3974400898361661,6.051329928550497,-2.553014200846079,9.452369378629689,6.68278006424629
OLF,0.39515159435343017,5.960133808318895,-2.4608798834532424,9.539328917527445,6.711271028895986
