protein_name,weight_pathogenic,mean_pathogenic,mean_benign,std_dev_pathogenic,std_dev_benign
main,0.627271722510206,6.217721177170784,2.6325235794394652,1.5401773696173913,2.2785896442068534
OLF,0.6251767921915496,6.213963228181426,2.658829639029231,1.5438314043419408,2.2964065977995167
