protein_name,weight_pathogenic,mean_pathogenic,mean_benign,std_dev_pathogenic,std_dev_benign
main,0.6527450023561767,6.113803535050837,2.57809891146633,1.4531052035980783,2.1524676318612292
OLF,0.6494936488682675,6.1150475356417,2.608591526058441,1.4538090779131767,2.1690238662724437
