analysis,accuracy
model_1,0.9
model_2,0.9333333333333333
model_3,0.9333333333333333
model_4,0.9333333333333333
model_5,0.9333333333333333
ensemble_2,0.9333333333333333
ensemble_3,0.9333333333333333
ensemble_4,0.9333333333333333
ensemble_5,0.9666666666666667
