protein_name,weight_pathogenic,mean_pathogenic,mean_benign,std_dev_pathogenic,std_dev_benign
main,0.6499769965139446,6.176987840813493,2.7718600042691355,1.4672528778707732,2.2494751963709514
OLF,0.6481229238906363,6.172251733845984,2.798525378154801,1.4710475150797093,2.2680463114607945
