protein_name,weight_pathogenic,mean_pathogenic,mean_benign,std_dev_pathogenic,std_dev_benign
main,0.6442257118745442,5.949083323362682,2.3728109016020653,1.474704867216708,2.1725612996555506
OLF,0.6410475325684486,5.950111493772301,2.4026391654283343,1.475612148572512,2.1890459008179515
